id,first_name,last_name,email,gender,ip_address
1,Sheree,Bonniface,sbonniface0@altervista.org,Female,214.100.85.55
2,Rickey,McClintock,rmcclintock1@walmart.com,Male,106.217.13.41
3,Bevvy,Orneles,borneles2@wsj.com,Female,200.42.161.215
4,Meaghan,Penwell,mpenwell3@friendfeed.com,Female,91.176.235.148
5,Othello,Jarmyn,ojarmyn4@twitpic.com,Male,94.240.223.236
6,Svend,Lempel,slempel5@linkedin.com,Male,124.105.128.32
7,Petronilla,Trippitt,ptrippitt6@virginia.edu,Female,67.251.226.133
8,Christoph,Tapp,ctapp7@ted.com,Male,115.163.62.175
9,Ethelbert,McShirie,emcshirie8@mediafire.com,Male,29.161.251.48
10,Lea,Canny,lcanny9@miibeian.gov.cn,Female,80.251.197.178
